Matric Marks,Intermediate Marks,Interests,Extra-curricular Activities,Suggested Degree
66.99,64.32,Medical,Volunteering,MBBS
94.36,71.62,Arts,Music,B.A. in History
89.99,91.63,Engineering,None,B.E. in Electrical Engineering
88.1,72.92,Science,Arts,B.Sc. in Computer Science
69.77,60.77,Arts,Arts,B.A. in Economics
64.99,95.54,Commerce,Volunteering,B.Com in Finance
74.79,50.77,Engineering,Arts,B.E. in Civil Engineering
91.03,97.2,Arts,Sports,B.A. in Economics
50.36,93.69,Science,Sports,B.Sc. in Chemistry
61.12,60.11,Commerce,Music,B.Com in Finance
50.47,88.26,Arts,Volunteering,B.A. in English
84.24,78.96,Science,Music,B.Sc. in Physics
89.24,74.8,Science,Arts,B.Sc. in Physics
92.03,58.99,Medical,Sports,B.Pharm
74.65,50.07,Arts,Arts,B.A. in History
60.85,57.67,Commerce,None,B.Com in Finance
70.04,92.66,Arts,Arts,B.A. in Economics
84.79,77.69,Science,None,B.Sc. in Computer Science
60.59,75.35,Medical,None,BDS
69.33,81.74,Medical,Volunteering,MBBS
62.32,99.92,Engineering,Sports,B.E. in Electrical Engineering
56.25,70.74,Engineering,Volunteering,B.E. in Civil Engineering
65.22,64.88,Engineering,Volunteering,B.E. in Mechanical Engineering
91.33,92.78,Commerce,Sports,B.Com in Marketing
94.45,66.26,Engineering,Sports,B.E. in Mechanical Engineering
99.99,58.55,Science,Volunteering,B.Sc. in Physics
58.04,71.13,Commerce,Sports,B.Com in Finance
78.94,84.42,Arts,Sports,B.A. in English
95.02,75.13,Science,Sports,B.Sc. in Chemistry
55.94,62.57,Commerce,Arts,B.Com in Marketing
94.56,93.22,Arts,None,B.A. in English
94.41,87.12,Science,Sports,B.Sc. in Physics
60.25,60.87,Arts,Volunteering,B.A. in Economics
66.9,74.07,Science,Arts,B.Sc. in Chemistry
67.0,75.67,Arts,None,B.A. in History
99.41,62.66,Commerce,Volunteering,B.Com in Finance
91.52,61.08,Medical,Sports,BDS
73.26,93.82,Science,None,B.Sc. in Physics
57.08,89.12,Engineering,Volunteering,B.E. in Electrical Engineering
86.0,85.72,Commerce,None,B.Com in Marketing
83.0,96.69,Engineering,Arts,B.E. in Mechanical Engineering
97.71,93.23,Engineering,Arts,B.E. in Electrical Engineering
64.47,94.4,Commerce,Arts,B.Com in Marketing
51.35,89.78,Arts,Arts,B.A. in History
94.19,69.33,Arts,Sports,B.A. in Economics
58.31,58.96,Science,Sports,B.Sc. in Chemistry
63.42,97.24,Commerce,Arts,B.Com in Finance
97.09,83.18,Medical,Music,BDS
58.4,63.79,Science,Arts,B.Sc. in Physics
81.29,53.61,Arts,None,B.A. in English
94.31,54.18,Arts,Arts,B.A. in History
99.25,92.2,Arts,Arts,B.A. in English
72.68,65.65,Commerce,None,B.Com in Accounting
75.0,63.7,Commerce,None,B.Com in Finance
83.07,51.29,Engineering,None,B.E. in Electrical Engineering
67.45,59.38,Engineering,Sports,B.E. in Civil Engineering
79.26,51.92,Arts,Music,B.A. in History
70.89,93.26,Arts,None,B.A. in English
76.4,90.57,Engineering,None,B.E. in Mechanical Engineering
64.61,79.31,Medical,Arts,B.Pharm
59.02,67.84,Science,Volunteering,B.Sc. in Computer Science
60.06,73.43,Medical,None,BDS
50.29,57.61,Engineering,Arts,B.E. in Electrical Engineering
71.46,71.72,Commerce,Music,B.Com in Accounting
93.6,58.73,Commerce,Music,B.Com in Finance
95.02,83.15,Commerce,Arts,B.Com in Accounting
70.1,91.25,Engineering,Sports,B.E. in Mechanical Engineering
63.36,57.33,Commerce,Arts,B.Com in Finance
54.85,90.57,Commerce,Arts,B.Com in Finance
57.69,75.83,Arts,Arts,B.A. in Economics
74.96,81.47,Engineering,Sports,B.E. in Mechanical Engineering
53.07,89.39,Medical,Arts,B.Pharm
72.3,98.01,Commerce,Music,B.Com in Accounting
82.38,62.96,Arts,Music,B.A. in History
90.33,70.12,Medical,Music,B.Pharm
92.86,56.12,Arts,Sports,B.A. in Economics
66.88,55.74,Medical,None,BDS
71.66,54.18,Commerce,Music,B.Com in Finance
73.92,55.64,Engineering,None,B.E. in Mechanical Engineering
88.88,67.6,Arts,Sports,B.A. in Economics
63.09,67.23,Medical,Music,BDS
65.15,91.9,Science,Music,B.Sc. in Computer Science
70.96,53.43,Arts,Volunteering,B.A. in English
64.47,60.67,Arts,Music,B.A. in English
90.92,80.24,Arts,Volunteering,B.A. in History
90.64,64.54,Medical,Arts,MBBS
85.28,75.73,Engineering,Music,B.E. in Electrical Engineering
89.64,72.6,Commerce,Volunteering,B.Com in Finance
93.37,61.37,Science,Arts,B.Sc. in Chemistry
52.54,79.15,Medical,Volunteering,B.Pharm
77.95,50.73,Medical,Arts,BDS
68.66,73.03,Engineering,Arts,B.E. in Electrical Engineering
58.46,86.14,Arts,Music,B.A. in English
77.96,71.05,Engineering,None,B.E. in Electrical Engineering
90.58,73.45,Science,Sports,B.Sc. in Computer Science
69.92,62.52,Science,Volunteering,B.Sc. in Chemistry
88.78,72.25,Science,Volunteering,B.Sc. in Physics
54.42,65.28,Commerce,None,B.Com in Accounting
51.1,75.01,Science,Volunteering,B.Sc. in Physics
57.51,97.59,Engineering,Volunteering,B.E. in Civil Engineering
68.9,86.97,Science,None,B.Sc. in Physics
58.41,70.0,Science,Volunteering,B.Sc. in Physics
66.65,63.47,Engineering,Sports,B.E. in Electrical Engineering
96.97,94.96,Science,Sports,B.Sc. in Physics
64.97,65.46,Commerce,Sports,B.Com in Accounting
93.2,78.7,Science,Music,B.Sc. in Physics
88.62,60.04,Medical,Music,MBBS
81.1,58.46,Science,None,B.Sc. in Computer Science
80.13,87.38,Commerce,None,B.Com in Marketing
68.23,85.87,Medical,Sports,BDS
80.97,90.16,Engineering,Sports,B.E. in Mechanical Engineering
66.02,97.93,Science,Sports,B.Sc. in Chemistry
89.85,50.56,Medical,None,MBBS
97.62,93.38,Commerce,None,B.Com in Finance
59.74,79.87,Science,Arts,B.Sc. in Computer Science
92.41,94.2,Arts,Music,B.A. in Economics
83.82,85.67,Science,Sports,B.Sc. in Computer Science
58.72,70.19,Commerce,Music,B.Com in Finance
87.76,96.82,Arts,Music,B.A. in English
93.91,96.24,Science,Music,B.Sc. in Physics
66.68,96.05,Engineering,Sports,B.E. in Mechanical Engineering
92.81,92.05,Commerce,Music,B.Com in Accounting
67.53,53.22,Science,Volunteering,B.Sc. in Chemistry
80.35,97.31,Commerce,None,B.Com in Finance
55.27,58.88,Medical,Volunteering,B.Pharm
55.51,96.69,Medical,Volunteering,MBBS
75.44,96.95,Science,None,B.Sc. in Chemistry
81.54,74.33,Commerce,Arts,B.Com in Marketing
59.8,56.79,Engineering,Arts,B.E. in Electrical Engineering
61.56,91.22,Arts,None,B.A. in English
80.88,98.93,Medical,Arts,B.Pharm
77.11,83.87,Medical,Volunteering,MBBS
72.58,93.76,Arts,Music,B.A. in Economics
68.36,54.78,Arts,Music,B.A. in History
50.91,81.41,Commerce,Arts,B.Com in Finance
82.91,67.58,Arts,Volunteering,B.A. in History
82.52,52.59,Engineering,Volunteering,B.E. in Civil Engineering
64.9,70.09,Medical,None,BDS
52.4,50.78,Medical,Arts,B.Pharm
94.27,98.86,Arts,Sports,B.A. in English
51.12,89.41,Science,Volunteering,B.Sc. in Chemistry
74.87,60.16,Commerce,Sports,B.Com in Accounting
62.6,61.69,Science,None,B.Sc. in Chemistry
68.76,96.24,Science,Volunteering,B.Sc. in Chemistry
97.14,55.6,Arts,Sports,B.A. in Economics
85.94,82.39,Engineering,Music,B.E. in Mechanical Engineering
61.9,70.98,Engineering,Volunteering,B.E. in Electrical Engineering
67.26,55.65,Arts,None,B.A. in History
88.2,53.4,Science,Music,B.Sc. in Computer Science
85.84,73.61,Arts,Sports,B.A. in English
55.33,94.92,Commerce,Volunteering,B.Com in Accounting
65.81,98.67,Science,Sports,B.Sc. in Physics
79.72,67.46,Commerce,Music,B.Com in Marketing
63.02,79.25,Medical,Arts,BDS
66.79,70.88,Medical,Music,MBBS
51.94,65.93,Engineering,Sports,B.E. in Mechanical Engineering
85.93,91.45,Science,Volunteering,B.Sc. in Physics
54.37,89.05,Commerce,Volunteering,B.Com in Marketing
91.96,82.72,Science,None,B.Sc. in Computer Science
95.63,93.88,Commerce,Music,B.Com in Finance
84.42,79.65,Science,Arts,B.Sc. in Chemistry
67.13,83.49,Medical,Sports,BDS
69.5,94.66,Arts,Volunteering,B.A. in Economics
68.1,96.71,Commerce,None,B.Com in Marketing
73.23,85.92,Medical,Music,MBBS
99.01,97.49,Medical,Sports,B.Pharm
51.63,61.67,Science,Sports,B.Sc. in Computer Science
91.64,63.71,Arts,None,B.A. in Economics
65.32,79.37,Commerce,Volunteering,B.Com in Finance
66.77,84.3,Science,Volunteering,B.Sc. in Chemistry
66.85,81.8,Arts,Music,B.A. in Economics
81.59,89.68,Arts,Sports,B.A. in English
70.42,59.51,Arts,Sports,B.A. in Economics
74.44,70.21,Medical,Music,B.Pharm
90.73,74.87,Engineering,None,B.E. in Civil Engineering
96.27,75.28,Engineering,Arts,B.E. in Electrical Engineering
67.72,70.53,Medical,Sports,MBBS
60.53,88.96,Science,Music,B.Sc. in Computer Science
62.33,73.77,Engineering,Sports,B.E. in Electrical Engineering
98.43,71.42,Engineering,Music,B.E. in Civil Engineering
99.4,83.92,Science,None,B.Sc. in Physics
75.35,98.29,Science,Music,B.Sc. in Physics
89.14,90.93,Science,Volunteering,B.Sc. in Physics
90.83,96.93,Engineering,Volunteering,B.E. in Mechanical Engineering
54.6,88.45,Engineering,Sports,B.E. in Electrical Engineering
81.01,99.12,Commerce,Volunteering,B.Com in Marketing
61.51,86.82,Medical,Arts,B.Pharm
88.71,89.13,Engineering,Volunteering,B.E. in Mechanical Engineering
71.21,88.98,Science,Sports,B.Sc. in Chemistry
65.4,85.05,Medical,Volunteering,B.Pharm
57.6,77.48,Commerce,Sports,B.Com in Marketing
75.73,75.36,Engineering,Sports,B.E. in Mechanical Engineering
65.86,94.14,Commerce,Sports,B.Com in Accounting
55.89,88.43,Commerce,Music,B.Com in Accounting
88.51,84.68,Medical,Arts,B.Pharm
97.96,97.37,Science,Volunteering,B.Sc. in Chemistry
61.54,60.33,Arts,None,B.A. in History
92.53,68.1,Commerce,Volunteering,B.Com in Marketing
65.39,81.08,Engineering,None,B.E. in Mechanical Engineering
64.85,53.84,Science,None,B.Sc. in Physics
74.8,86.32,Arts,Music,B.A. in English
97.07,79.88,Commerce,Sports,B.Com in Marketing
70.2,75.35,Science,Arts,B.Sc. in Chemistry
68.13,87.48,Medical,None,MBBS
79.49,96.11,Commerce,None,B.Com in Accounting
61.02,62.96,Medical,None,MBBS
79.06,80.06,Medical,Music,B.Pharm
63.23,76.26,Arts,None,B.A. in Economics
91.88,80.57,Engineering,None,B.E. in Civil Engineering
84.3,82.08,Medical,None,BDS
52.39,88.75,Medical,Sports,B.Pharm
89.27,58.64,Science,Arts,B.Sc. in Chemistry
50.53,85.59,Medical,Sports,MBBS
56.73,94.89,Arts,Sports,B.A. in Economics
97.07,87.28,Medical,Arts,B.Pharm
95.39,64.44,Medical,Sports,B.Pharm
61.98,77.38,Arts,Arts,B.A. in Economics
89.89,87.53,Medical,Arts,B.Pharm
58.69,59.28,Engineering,Arts,B.E. in Civil Engineering
76.7,99.83,Science,Volunteering,B.Sc. in Computer Science
82.08,63.14,Arts,Music,B.A. in Economics
77.67,52.84,Commerce,Volunteering,B.Com in Finance
65.3,58.63,Medical,Music,MBBS
66.09,92.18,Arts,None,B.A. in History
50.31,57.21,Medical,Volunteering,MBBS
72.33,89.56,Arts,Sports,B.A. in Economics
95.07,77.01,Arts,Arts,B.A. in Economics
67.93,56.74,Medical,Volunteering,MBBS
93.06,90.08,Engineering,Volunteering,B.E. in Mechanical Engineering
69.09,96.89,Science,Sports,B.Sc. in Computer Science
84.02,53.07,Arts,Volunteering,B.A. in Economics
86.91,94.18,Science,Arts,B.Sc. in Computer Science
75.11,97.05,Engineering,Volunteering,B.E. in Mechanical Engineering
56.42,68.88,Arts,Sports,B.A. in Economics
75.84,70.1,Science,Music,B.Sc. in Computer Science
93.48,54.14,Commerce,Music,B.Com in Accounting
54.64,71.02,Science,Volunteering,B.Sc. in Chemistry
91.8,54.26,Engineering,Music,B.E. in Civil Engineering
55.72,56.85,Medical,Music,BDS
96.69,77.15,Arts,Arts,B.A. in Economics
73.9,53.61,Engineering,Arts,B.E. in Electrical Engineering
59.27,82.58,Engineering,Sports,B.E. in Electrical Engineering
68.14,75.91,Commerce,Volunteering,B.Com in Finance
75.44,66.83,Arts,Arts,B.A. in Economics
81.81,63.91,Science,Sports,B.Sc. in Computer Science
86.57,92.48,Arts,Arts,B.A. in English
66.1,57.9,Engineering,None,B.E. in Electrical Engineering
66.71,58.99,Science,Sports,B.Sc. in Physics
66.12,78.37,Medical,Volunteering,MBBS
92.61,59.73,Commerce,Music,B.Com in Accounting
92.95,60.96,Arts,Arts,B.A. in History
82.48,91.71,Engineering,None,B.E. in Electrical Engineering
95.57,94.3,Science,Arts,B.Sc. in Chemistry
82.93,57.15,Arts,Sports,B.A. in English
81.06,98.98,Science,Arts,B.Sc. in Chemistry
78.81,82.34,Medical,None,B.Pharm
88.62,73.95,Commerce,Arts,B.Com in Marketing
79.73,88.24,Commerce,Music,B.Com in Marketing
98.32,90.11,Medical,Volunteering,MBBS
50.22,53.9,Arts,Volunteering,B.A. in History
84.28,78.19,Engineering,Arts,B.E. in Mechanical Engineering
55.89,80.08,Commerce,Sports,B.Com in Finance
93.15,91.66,Science,Sports,B.Sc. in Physics
56.11,80.48,Commerce,Arts,B.Com in Accounting
89.68,78.78,Commerce,Sports,B.Com in Marketing
97.45,92.53,Arts,Sports,B.A. in Economics
54.07,85.69,Medical,Arts,BDS
70.05,90.07,Commerce,Music,B.Com in Accounting
60.7,93.07,Medical,Sports,BDS
89.1,71.4,Arts,Volunteering,B.A. in Economics
87.45,83.94,Commerce,None,B.Com in Marketing
61.57,98.18,Science,Music,B.Sc. in Physics
97.59,78.08,Engineering,None,B.E. in Mechanical Engineering
59.54,84.6,Science,Arts,B.Sc. in Physics
89.13,63.52,Arts,Arts,B.A. in History
58.14,72.23,Medical,Music,MBBS
70.1,95.04,Engineering,Arts,B.E. in Electrical Engineering
96.7,77.32,Science,Volunteering,B.Sc. in Computer Science
73.19,92.61,Commerce,Volunteering,B.Com in Accounting
60.39,82.69,Engineering,Volunteering,B.E. in Electrical Engineering
59.68,65.95,Medical,None,MBBS
58.71,92.05,Science,Music,B.Sc. in Physics
51.63,62.23,Arts,Arts,B.A. in English
73.23,61.89,Arts,Volunteering,B.A. in Economics
67.74,81.81,Engineering,Sports,B.E. in Civil Engineering
54.91,80.55,Engineering,Sports,B.E. in Civil Engineering
69.12,68.0,Medical,Volunteering,MBBS
52.76,62.7,Science,Sports,B.Sc. in Computer Science
61.44,66.97,Medical,Music,B.Pharm
58.54,54.61,Arts,Sports,B.A. in History
50.14,66.31,Science,None,B.Sc. in Physics
58.6,93.48,Science,Volunteering,B.Sc. in Computer Science
64.35,70.8,Arts,Volunteering,B.A. in History
85.74,51.23,Engineering,Volunteering,B.E. in Mechanical Engineering
52.65,86.84,Medical,Sports,MBBS
73.63,87.45,Arts,Volunteering,B.A. in Economics
57.61,59.6,Commerce,Volunteering,B.Com in Marketing
59.29,56.62,Arts,Music,B.A. in English
71.07,99.87,Commerce,Volunteering,B.Com in Finance
85.34,99.45,Commerce,Volunteering,B.Com in Accounting
90.78,86.56,Arts,None,B.A. in History
81.77,65.93,Science,Arts,B.Sc. in Chemistry
67.71,80.23,Medical,Volunteering,B.Pharm
81.97,74.78,Arts,Arts,B.A. in History
62.28,85.84,Commerce,Arts,B.Com in Accounting
67.45,77.9,Commerce,Music,B.Com in Accounting
81.35,73.36,Science,Volunteering,B.Sc. in Chemistry
76.52,65.08,Arts,Volunteering,B.A. in Economics
90.62,82.59,Engineering,Sports,B.E. in Mechanical Engineering
57.11,71.14,Commerce,Sports,B.Com in Marketing
79.97,80.0,Engineering,None,B.E. in Mechanical Engineering
67.02,62.4,Engineering,None,B.E. in Civil Engineering
98.58,87.4,Arts,Sports,B.A. in Economics
95.4,93.47,Medical,Volunteering,BDS
71.01,90.66,Science,Music,B.Sc. in Physics
93.72,92.47,Medical,None,MBBS
96.82,53.95,Medical,None,BDS
68.47,81.5,Arts,Sports,B.A. in Economics
52.66,79.04,Engineering,Sports,B.E. in Electrical Engineering
96.48,70.18,Arts,Volunteering,B.A. in English
50.5,93.38,Science,Volunteering,B.Sc. in Computer Science
76.67,87.79,Engineering,None,B.E. in Mechanical Engineering
73.32,72.02,Medical,Volunteering,MBBS
62.51,52.01,Arts,Volunteering,B.A. in Economics
84.13,69.56,Science,None,B.Sc. in Computer Science
54.19,77.75,Science,Sports,B.Sc. in Physics
98.25,93.0,Commerce,None,B.Com in Accounting
67.97,91.14,Arts,Sports,B.A. in History
50.95,99.19,Medical,Arts,BDS
61.96,60.32,Commerce,Sports,B.Com in Marketing
96.56,61.6,Commerce,Music,B.Com in Marketing
99.07,80.51,Science,Sports,B.Sc. in Chemistry
53.47,83.74,Commerce,None,B.Com in Accounting
61.98,50.13,Arts,None,B.A. in History
90.14,52.18,Commerce,Arts,B.Com in Marketing
78.38,96.17,Medical,None,BDS
86.68,51.98,Commerce,Sports,B.Com in Marketing
93.32,65.31,Science,Arts,B.Sc. in Chemistry
71.15,64.57,Arts,Arts,B.A. in History
56.52,65.09,Commerce,None,B.Com in Finance
67.76,73.18,Commerce,Volunteering,B.Com in Accounting
63.28,78.63,Engineering,Music,B.E. in Civil Engineering
98.51,94.0,Medical,Volunteering,BDS
66.13,60.1,Engineering,None,B.E. in Civil Engineering
69.92,56.2,Engineering,Sports,B.E. in Electrical Engineering
82.36,60.49,Arts,None,B.A. in History
86.45,57.58,Science,Music,B.Sc. in Physics
68.6,55.03,Commerce,Volunteering,B.Com in Accounting
78.21,51.06,Commerce,Sports,B.Com in Finance
84.17,53.74,Commerce,Arts,B.Com in Accounting
91.62,86.07,Medical,Volunteering,MBBS
80.51,82.37,Engineering,Arts,B.E. in Mechanical Engineering
89.37,70.85,Arts,Sports,B.A. in English
53.12,77.5,Engineering,Music,B.E. in Electrical Engineering
52.37,65.35,Engineering,None,B.E. in Civil Engineering
57.0,87.76,Engineering,None,B.E. in Mechanical Engineering
90.83,75.7,Commerce,Sports,B.Com in Marketing
83.21,97.94,Medical,Sports,B.Pharm
92.62,82.49,Commerce,Arts,B.Com in Accounting
87.38,65.81,Commerce,Volunteering,B.Com in Marketing
69.93,93.19,Medical,Arts,B.Pharm
86.88,63.78,Medical,None,MBBS
96.77,88.12,Science,Music,B.Sc. in Computer Science
91.43,79.7,Engineering,Sports,B.E. in Electrical Engineering
64.83,76.29,Arts,Sports,B.A. in Economics
90.59,62.43,Medical,Arts,BDS
61.0,84.0,Medical,Volunteering,BDS
66.86,56.5,Arts,None,B.A. in History
74.26,61.23,Science,Music,B.Sc. in Chemistry
51.77,96.68,Commerce,Arts,B.Com in Marketing
87.85,75.8,Medical,Volunteering,BDS
78.35,63.53,Engineering,Volunteering,B.E. in Civil Engineering
72.16,83.14,Medical,None,BDS
86.97,60.1,Medical,Arts,B.Pharm
51.9,56.93,Commerce,Arts,B.Com in Accounting
54.16,97.24,Commerce,Arts,B.Com in Accounting
95.76,97.47,Science,Volunteering,B.Sc. in Chemistry
64.08,73.47,Engineering,Sports,B.E. in Civil Engineering
57.32,60.99,Science,Arts,B.Sc. in Physics
81.49,96.26,Medical,Sports,B.Pharm
59.59,70.38,Science,Volunteering,B.Sc. in Physics
67.82,94.63,Arts,Arts,B.A. in Economics
76.91,82.46,Engineering,None,B.E. in Civil Engineering
58.99,52.13,Arts,None,B.A. in Economics
87.69,88.33,Medical,Arts,B.Pharm
94.31,98.04,Medical,Volunteering,MBBS
58.56,76.88,Medical,Volunteering,MBBS
66.31,82.45,Commerce,Sports,B.Com in Marketing
93.5,76.94,Science,Sports,B.Sc. in Computer Science
66.4,71.81,Science,Volunteering,B.Sc. in Chemistry
60.71,62.98,Medical,Arts,BDS
93.66,65.59,Engineering,Music,B.E. in Civil Engineering
77.62,70.87,Engineering,Sports,B.E. in Civil Engineering
65.15,66.28,Science,Sports,B.Sc. in Physics
97.94,60.42,Medical,None,BDS
60.63,94.25,Engineering,Music,B.E. in Electrical Engineering
69.6,62.82,Engineering,Music,B.E. in Mechanical Engineering
94.1,72.82,Engineering,None,B.E. in Electrical Engineering
68.66,58.53,Commerce,None,B.Com in Accounting
65.37,61.21,Medical,Arts,MBBS
72.25,75.69,Arts,Music,B.A. in English
71.48,91.02,Commerce,Sports,B.Com in Marketing
52.94,83.55,Engineering,Volunteering,B.E. in Electrical Engineering
73.82,63.04,Engineering,Arts,B.E. in Mechanical Engineering
55.21,73.2,Science,Music,B.Sc. in Physics
50.16,90.88,Engineering,Music,B.E. in Electrical Engineering
50.75,92.03,Commerce,Volunteering,B.Com in Accounting
83.57,95.59,Engineering,Sports,B.E. in Electrical Engineering
57.02,95.84,Arts,Arts,B.A. in Economics
85.23,66.24,Commerce,Volunteering,B.Com in Finance
74.63,92.19,Commerce,Arts,B.Com in Accounting
79.94,82.93,Commerce,Arts,B.Com in Finance
98.01,59.27,Engineering,Music,B.E. in Civil Engineering
53.66,66.95,Arts,Music,B.A. in History
53.2,96.72,Engineering,Music,B.E. in Electrical Engineering
77.88,58.85,Arts,None,B.A. in Economics
71.64,96.97,Engineering,Volunteering,B.E. in Electrical Engineering
59.27,61.95,Arts,None,B.A. in Economics
73.45,96.77,Medical,Arts,BDS
63.82,69.07,Engineering,Arts,B.E. in Mechanical Engineering
92.31,81.67,Commerce,Arts,B.Com in Marketing
95.01,65.39,Arts,Volunteering,B.A. in English
76.13,87.39,Engineering,None,B.E. in Mechanical Engineering
51.42,65.26,Medical,None,MBBS
72.43,65.27,Arts,Sports,B.A. in English
55.59,69.04,Science,None,B.Sc. in Chemistry
74.95,65.76,Arts,Sports,B.A. in English
71.26,74.17,Science,Music,B.Sc. in Physics
62.37,87.13,Arts,Sports,B.A. in Economics
76.07,83.34,Arts,Arts,B.A. in English
93.8,66.15,Medical,Arts,BDS
93.66,90.7,Medical,Arts,MBBS
91.49,67.37,Arts,None,B.A. in English
64.97,74.27,Arts,Volunteering,B.A. in History
63.22,66.34,Commerce,None,B.Com in Marketing
81.25,63.56,Science,Volunteering,B.Sc. in Chemistry
97.13,57.35,Science,None,B.Sc. in Chemistry
64.3,82.11,Arts,None,B.A. in History
81.32,60.63,Engineering,Sports,B.E. in Civil Engineering
73.47,87.12,Science,None,B.Sc. in Chemistry
54.69,87.74,Medical,Sports,BDS
73.91,72.03,Commerce,Volunteering,B.Com in Marketing
90.95,87.5,Science,Sports,B.Sc. in Chemistry
73.83,68.78,Commerce,Sports,B.Com in Finance
51.45,52.1,Medical,None,B.Pharm
74.76,65.0,Arts,Music,B.A. in English
54.54,87.85,Medical,Music,BDS
61.1,81.66,Science,Volunteering,B.Sc. in Computer Science
84.99,81.31,Medical,Sports,B.Pharm
78.66,59.3,Medical,Volunteering,BDS
92.23,97.61,Commerce,Sports,B.Com in Accounting
63.41,53.21,Commerce,None,B.Com in Finance
82.25,89.58,Arts,None,B.A. in History
84.21,61.57,Engineering,Sports,B.E. in Civil Engineering
87.83,95.39,Arts,Sports,B.A. in Economics
71.81,67.12,Medical,Music,BDS
66.4,84.31,Arts,None,B.A. in History
67.6,77.5,Science,None,B.Sc. in Chemistry
81.28,84.53,Science,Volunteering,B.Sc. in Physics
53.69,56.23,Commerce,Sports,B.Com in Marketing
88.39,94.14,Engineering,None,B.E. in Civil Engineering
92.88,85.41,Commerce,Volunteering,B.Com in Marketing
70.19,76.5,Science,Music,B.Sc. in Chemistry
92.33,56.09,Science,Music,B.Sc. in Computer Science
59.48,73.38,Commerce,Music,B.Com in Marketing
96.22,54.82,Engineering,None,B.E. in Civil Engineering
56.81,82.12,Engineering,Music,B.E. in Mechanical Engineering
58.5,53.93,Science,Music,B.Sc. in Chemistry
82.56,78.36,Engineering,Sports,B.E. in Electrical Engineering
68.31,95.07,Arts,None,B.A. in English
64.25,61.68,Science,Music,B.Sc. in Physics
62.23,82.36,Science,Volunteering,B.Sc. in Chemistry
81.09,58.2,Medical,Sports,MBBS
75.89,89.16,Medical,None,BDS
60.42,77.63,Arts,Arts,B.A. in English
51.76,56.11,Commerce,Arts,B.Com in Marketing
57.34,93.94,Arts,Arts,B.A. in English
65.68,83.49,Science,Arts,B.Sc. in Chemistry
59.65,74.87,Arts,Volunteering,B.A. in Economics
78.78,76.94,Arts,Sports,B.A. in History
52.11,53.98,Commerce,Music,B.Com in Accounting
83.74,73.64,Commerce,Sports,B.Com in Accounting
89.63,58.8,Medical,None,BDS
81.91,74.58,Medical,Sports,B.Pharm
93.09,98.68,Medical,None,B.Pharm
96.45,55.17,Commerce,None,B.Com in Accounting
53.28,89.73,Science,None,B.Sc. in Physics
62.71,55.41,Arts,Volunteering,B.A. in History
56.18,87.64,Engineering,None,B.E. in Civil Engineering
50.81,56.6,Arts,Volunteering,B.A. in English
73.59,85.36,Engineering,Arts,B.E. in Mechanical Engineering
67.9,58.56,Commerce,None,B.Com in Marketing
81.46,76.73,Science,Sports,B.Sc. in Computer Science
77.56,95.54,Commerce,Volunteering,B.Com in Accounting
64.22,98.13,Engineering,Music,B.E. in Mechanical Engineering
79.86,88.44,Arts,Arts,B.A. in English
92.35,72.32,Science,Volunteering,B.Sc. in Chemistry
84.4,83.48,Medical,Volunteering,BDS
68.61,69.47,Engineering,None,B.E. in Mechanical Engineering
90.72,54.49,Science,None,B.Sc. in Chemistry
